,piece_title,pattern_generating_match,pattern_matched,predicted_type,part,part,part,part,part,part,part,part,part,part,part,part,start,start,start,start,start,start,start,start,start,start,start,start,start_offset,start_offset,start_offset,start_offset,start_offset,start_offset,start_offset,start_offset,start_offset,start_offset,start_offset,start_offset,sum_durs,sum_durs,sum_durs,sum_durs,sum_durs,sum_durs,sum_durs,sum_durs,sum_durs,sum_durs,sum_durs,sum_durs
entry_number,,,,,1,2,3,4,5,6,7,8,9,10,11,12,1,2,3,4,5,6,7,8,9,10,11,12,1,2,3,4,5,6,7,8,9,10,11,12,1,2,3,4,5,6,7,8,9,10,11,12
0,"Benedicta es, coelorum regina","(8, -2, -2, 2)","(8, -2, -2, 2)",Fuga,[Contratenor],[SextaVox],-,-,-,-,-,-,-,-,-,-,2/3.0,6/2.0,-,-,-,-,-,-,-,-,-,-,12.0,42.0,-,-,-,-,-,-,-,-,-,-,10.0,12.0,-,-,-,-,-,-,-,-,-,-
1,"Benedicta es, coelorum regina","(-2, -2, 2, -2)","(-2, -2, 2, -3)",Fuga,[Contratenor],[SextaVox],-,-,-,-,-,-,-,-,-,-,2/4.0,6/4.0,-,-,-,-,-,-,-,-,-,-,14.0,46.0,-,-,-,-,-,-,-,-,-,-,11.0,11.0,-,-,-,-,-,-,-,-,-,-
2,"Benedicta es, coelorum regina","(2, 2, -3, 1)","(2, 2, -3, 2)",Fuga,[Contratenor],[SextaVox],[Contratenor],-,-,-,-,-,-,-,-,-,4/3.0,8/3.0,10/1.0,-,-,-,-,-,-,-,-,-,28.0,60.0,72.0,-,-,-,-,-,-,-,-,-,12.0,12.0,12.0,-,-,-,-,-,-,-,-,-
3,"Benedicta es, coelorum regina","(1, 2, 2, -2)","(1, 2, 2, -3)",Fuga,[SextaVox],[Contratenor],-,-,-,-,-,-,-,-,-,-,5/1.0,9/3.0,-,-,-,-,-,-,-,-,-,-,32.0,68.0,-,-,-,-,-,-,-,-,-,-,14.0,12.0,-,-,-,-,-,-,-,-,-,-
4,"Benedicta es, coelorum regina","(2, -3, 2, -5)","(2, -3, 2, -5)",Fuga,[Contratenor],[QuintaVox],-,-,-,-,-,-,-,-,-,-,10/2.5,13/4.0,-,-,-,-,-,-,-,-,-,-,75.0,102.0,-,-,-,-,-,-,-,-,-,-,11.0,10.0,-,-,-,-,-,-,-,-,-,-
5,"Benedicta es, coelorum regina","(-2, 4, -2, -2)","(-2, 4, -2, -2)",Fuga,[Discantus],[Tenor],-,-,-,-,-,-,-,-,-,-,11/1.0,15/1.0,-,-,-,-,-,-,-,-,-,-,80.0,112.0,-,-,-,-,-,-,-,-,-,-,28.0,28.0,-,-,-,-,-,-,-,-,-,-
6,"Benedicta es, coelorum regina","(2, -2, -2, -2)","(2, -3, -2, -2)",Fuga,[SextaVox],[Bassus],-,-,-,-,-,-,-,-,-,-,11/3.0,15/3.0,-,-,-,-,-,-,-,-,-,-,84.0,116.0,-,-,-,-,-,-,-,-,-,-,16.0,16.0,-,-,-,-,-,-,-,-,-,-
7,"Benedicta es, coelorum regina","(-3, 3, -2, -3)","(-3, 2, -2, -3)",Fuga,[Contratenor],[QuintaVox],-,-,-,-,-,-,-,-,-,-,11/4.0,15/4.0,-,-,-,-,-,-,-,-,-,-,86.0,118.0,-,-,-,-,-,-,-,-,-,-,10.0,10.0,-,-,-,-,-,-,-,-,-,-
8,"Benedicta es, coelorum regina","(4, -2, -2, -2)","(4, -2, -2, -2)",Fuga,[Discantus],[Tenor],-,-,-,-,-,-,-,-,-,-,12/1.0,16/1.0,-,-,-,-,-,-,-,-,-,-,88.0,120.0,-,-,-,-,-,-,-,-,-,-,26.0,26.0,-,-,-,-,-,-,-,-,-,-
9,"Benedicta es, coelorum regina","(-2, -2, -2, -2)","(-3, -2, -2, -2)",Fuga,[SextaVox],[Bassus],-,-,-,-,-,-,-,-,-,-,12/1.0,16/1.0,-,-,-,-,-,-,-,-,-,-,88.0,120.0,-,-,-,-,-,-,-,-,-,-,16.0,16.0,-,-,-,-,-,-,-,-,-,-
10,"Benedicta es, coelorum regina","(-2, -2, -2, -2)","(-2, -2, -2, -2)",ID,[Discantus],[Discantus],[Tenor],[Tenor],-,-,-,-,-,-,-,-,12/3.0,13/3.0,16/3.0,17/3.0,-,-,-,-,-,-,-,-,92.0,100.0,124.0,132.0,-,-,-,-,-,-,-,-,23.0,16.0,23.0,16.0,-,-,-,-,-,-,-,-
11,"Benedicta es, coelorum regina","(-2, -2, -2, 4)","(-2, -2, -2, 5)",Fuga,[SextaVox],[Bassus],-,-,-,-,-,-,-,-,-,-,12/3.0,16/3.0,-,-,-,-,-,-,-,-,-,-,92.0,124.0,-,-,-,-,-,-,-,-,-,-,16.0,16.0,-,-,-,-,-,-,-,-,-,-
12,"Benedicta es, coelorum regina","(-2, -2, -2, 2)","(-2, -2, -2, 2)",Fuga,[Discantus],[Tenor],-,-,-,-,-,-,-,-,-,-,14/1.0,18/1.0,-,-,-,-,-,-,-,-,-,-,104.0,136.0,-,-,-,-,-,-,-,-,-,-,16.0,16.0,-,-,-,-,-,-,-,-,-,-
13,"Benedicta es, coelorum regina","(-2, -2, 2, 2)","(-2, -2, 2, 2)",Fuga,[Discantus],[Tenor],[SextaVox],[Discantus],[Bassus],[Tenor],-,-,-,-,-,-,14/3.0,18/3.0,22/1.0,22/4.0,26/1.0,26/4.0,-,-,-,-,-,-,108.0,140.0,168.0,174.0,200.0,206.0,-,-,-,-,-,-,20.0,20.0,16.0,18.0,16.0,18.0,-,-,-,-,-,-
14,"Benedicta es, coelorum regina","(2, -3, 1, 1)","(2, -3, 1, 1)",Fuga,[Discantus],[Tenor],-,-,-,-,-,-,-,-,-,-,19/1.0,23/1.0,-,-,-,-,-,-,-,-,-,-,144.0,176.0,-,-,-,-,-,-,-,-,-,-,24.0,24.0,-,-,-,-,-,-,-,-,-,-
15,"Benedicta es, coelorum regina","(2, -3, 1, 1)","(2, -3, 1, 2)",Fuga,[SextaVox],[Bassus],-,-,-,-,-,-,-,-,-,-,19/3.0,23/3.0,-,-,-,-,-,-,-,-,-,-,148.0,180.0,-,-,-,-,-,-,-,-,-,-,24.0,24.0,-,-,-,-,-,-,-,-,-,-
16,"Benedicta es, coelorum regina","(-3, 1, 1, -2)","(-3, 1, 1, -2)",Fuga,[Discantus],[Tenor],-,-,-,-,-,-,-,-,-,-,20/1.0,24/1.0,-,-,-,-,-,-,-,-,-,-,152.0,184.0,-,-,-,-,-,-,-,-,-,-,20.0,20.0,-,-,-,-,-,-,-,-,-,-
17,"Benedicta es, coelorum regina","(4, -3, 2, -3)","(4, -3, 1, -3)",Fuga,[QuintaVox],[QuintaVox],-,-,-,-,-,-,-,-,-,-,20/2.0,24/2.0,-,-,-,-,-,-,-,-,-,-,154.0,186.0,-,-,-,-,-,-,-,-,-,-,16.0,16.0,-,-,-,-,-,-,-,-,-,-
18,"Benedicta es, coelorum regina","(-3, 2, -3, -2)","(-3, 1, -3, -2)",Fuga,[QuintaVox],[QuintaVox],-,-,-,-,-,-,-,-,-,-,20/3.0,24/3.0,-,-,-,-,-,-,-,-,-,-,156.0,188.0,-,-,-,-,-,-,-,-,-,-,16.0,16.0,-,-,-,-,-,-,-,-,-,-
19,"Benedicta es, coelorum regina","(-3, 1, 1, -2)","(-3, 1, 2, -2)",Fuga,[SextaVox],[Bassus],-,-,-,-,-,-,-,-,-,-,20/3.0,24/3.0,-,-,-,-,-,-,-,-,-,-,156.0,188.0,-,-,-,-,-,-,-,-,-,-,18.0,18.0,-,-,-,-,-,-,-,-,-,-
20,"Benedicta es, coelorum regina","(1, 1, -2, -2)","(1, 1, -2, -2)",Fuga,[Discantus],[Tenor],-,-,-,-,-,-,-,-,-,-,20/4.0,24/4.0,-,-,-,-,-,-,-,-,-,-,158.0,190.0,-,-,-,-,-,-,-,-,-,-,16.0,16.0,-,-,-,-,-,-,-,-,-,-
21,"Benedicta es, coelorum regina","(1, -2, -2, 3)","(1, -2, -2, 3)",Fuga,[Discantus],[Tenor],-,-,-,-,-,-,-,-,-,-,21/1.0,25/1.0,-,-,-,-,-,-,-,-,-,-,160.0,192.0,-,-,-,-,-,-,-,-,-,-,18.0,18.0,-,-,-,-,-,-,-,-,-,-
22,"Benedicta es, coelorum regina","(4, -3, 1, 4)","(4, -3, 1, 4)",Fuga,[Contratenor],[Contratenor],-,-,-,-,-,-,-,-,-,-,21/2.0,25/2.0,-,-,-,-,-,-,-,-,-,-,162.0,194.0,-,-,-,-,-,-,-,-,-,-,10.0,10.0,-,-,-,-,-,-,-,-,-,-
23,"Benedicta es, coelorum regina","(1, 1, -2, -2)","(1, 2, -2, -2)",Fuga,[SextaVox],[Bassus],-,-,-,-,-,-,-,-,-,-,21/2.0,25/2.0,-,-,-,-,-,-,-,-,-,-,162.0,194.0,-,-,-,-,-,-,-,-,-,-,14.0,14.0,-,-,-,-,-,-,-,-,-,-
24,"Benedicta es, coelorum regina","(1, -2, -2, 2)","(1, -3, -2, 2)",Fuga,[QuintaVox],[QuintaVox],-,-,-,-,-,-,-,-,-,-,21/2.0,25/2.0,-,-,-,-,-,-,-,-,-,-,162.0,194.0,-,-,-,-,-,-,-,-,-,-,12.0,12.0,-,-,-,-,-,-,-,-,-,-
25,"Benedicta es, coelorum regina","(-2, -2, 3, -2)","(-2, -2, 3, -2)",Fuga,[Discantus],[Tenor],[Discantus],[Tenor],[Contratenor],-,-,-,-,-,-,-,21/3.0,25/3.0,28/1.0,31/1.0,34/1.0,-,-,-,-,-,-,-,164.0,196.0,216.0,240.0,264.0,-,-,-,-,-,-,-,15.0,15.0,12.0,12.0,12.0,-,-,-,-,-,-,-
26,"Benedicta es, coelorum regina","(-2, -2, 2, 2)","(-3, -2, 2, 2)",Fuga,[QuintaVox],[QuintaVox],-,-,-,-,-,-,-,-,-,-,21/3.0,25/3.0,-,-,-,-,-,-,-,-,-,-,164.0,196.0,-,-,-,-,-,-,-,-,-,-,12.0,12.0,-,-,-,-,-,-,-,-,-,-
27,"Benedicta es, coelorum regina","(3, -2, -2, 2)","(2, -2, -2, 2)",Fuga,[SextaVox],[Bassus],-,-,-,-,-,-,-,-,-,-,21/3.0,25/3.0,-,-,-,-,-,-,-,-,-,-,164.0,196.0,-,-,-,-,-,-,-,-,-,-,16.0,16.0,-,-,-,-,-,-,-,-,-,-
28,"Benedicta es, coelorum regina","(-2, 2, 2, 2)","(-2, 2, 2, 2)",Fuga,[QuintaVox],[QuintaVox],-,-,-,-,-,-,-,-,-,-,21/4.0,25/4.0,-,-,-,-,-,-,-,-,-,-,166.0,198.0,-,-,-,-,-,-,-,-,-,-,14.0,14.0,-,-,-,-,-,-,-,-,-,-
29,"Benedicta es, coelorum regina","(-2, 4, -2, -2)","(-2, 3, -2, -2)",Fuga,[Discantus],[Tenor],-,-,-,-,-,-,-,-,-,-,22/1.0,26/1.0,-,-,-,-,-,-,-,-,-,-,168.0,200.0,-,-,-,-,-,-,-,-,-,-,12.0,12.0,-,-,-,-,-,-,-,-,-,-
30,"Benedicta es, coelorum regina","(2, 2, 2, -2)","(2, 2, 2, -2)",Fuga,[QuintaVox],[QuintaVox],-,-,-,-,-,-,-,-,-,-,22/2.0,26/2.0,-,-,-,-,-,-,-,-,-,-,170.0,202.0,-,-,-,-,-,-,-,-,-,-,14.0,14.0,-,-,-,-,-,-,-,-,-,-
31,"Benedicta es, coelorum regina","(-2, 2, 2, -4)","(-2, 2, 2, -5)",Fuga,[SextaVox],[Bassus],-,-,-,-,-,-,-,-,-,-,22/3.0,26/3.0,-,-,-,-,-,-,-,-,-,-,172.0,204.0,-,-,-,-,-,-,-,-,-,-,20.0,20.0,-,-,-,-,-,-,-,-,-,-
32,"Benedicta es, coelorum regina","(3, -2, -2, 2)","(3, -2, -2, 2)",Fuga,[Discantus],[Tenor],-,-,-,-,-,-,-,-,-,-,22/3.0,26/3.0,-,-,-,-,-,-,-,-,-,-,172.0,204.0,-,-,-,-,-,-,-,-,-,-,12.0,12.0,-,-,-,-,-,-,-,-,-,-
33,"Benedicta es, coelorum regina","(-2, -2, 2, -2)","(-3, -2, 2, -2)",Fuga,[Contratenor],[Contratenor],-,-,-,-,-,-,-,-,-,-,23/7/3,27/7/3,-,-,-,-,-,-,-,-,-,-,178.67,210.67,-,-,-,-,-,-,-,-,-,-,13.33,13.33,-,-,-,-,-,-,-,-,-,-
34,"Benedicta es, coelorum regina","(1, -2, -2, 3)","(2, -2, -2, 3)",PEN,[Discantus],[Tenor],[Contratenor],-,-,-,-,-,-,-,-,-,27/3.0,30/3.0,33/3.0,-,-,-,-,-,-,-,-,-,212.0,236.0,260.0,-,-,-,-,-,-,-,-,-,14.0,14.0,14.0,-,-,-,-,-,-,-,-,-
35,"Benedicta es, coelorum regina","(-2, -2, -2, -2)","(-2, -2, -2, -2)",Fuga,[QuintaVox],[QuintaVox],[QuintaVox],[QuintaVox],[Bassus],[Bassus],[Bassus],[Bassus],[SextaVox],[SextaVox],[SextaVox],[SextaVox],28/3.0,29/2.0,29/3.0,29/4.0,31/3.0,32/2.0,32/3.0,32/4.0,34/3.0,35/2.0,35/3.0,35/4.0,220.0,226.0,228.0,230.0,244.0,250.0,252.0,254.0,268.0,274.0,276.0,278.0,14.0,10.0,12.0,18.0,14.0,10.0,12.0,18.0,14.0,10.0,12.0,26.0
36,"Benedicta es, coelorum regina","(-2, 1, -2, 3)","(-2, 1, -2, 3)",PEN,[Discantus],[Tenor],[Contratenor],-,-,-,-,-,-,-,-,-,30/2.0,33/2.0,36/2.0,-,-,-,-,-,-,-,-,-,234.0,258.0,282.0,-,-,-,-,-,-,-,-,-,14.0,14.0,10.0,-,-,-,-,-,-,-,-,-
37,"Benedicta es, coelorum regina","(1, 2, 1, 2)","(1, 2, 1, 2)",Fuga,[Contratenor],[Discantus],[Tenor],-,-,-,-,-,-,-,-,-,37/3.0,38/1.0,41/1.0,-,-,-,-,-,-,-,-,-,292.0,296.0,320.0,-,-,-,-,-,-,-,-,-,24.0,26.0,26.0,-,-,-,-,-,-,-,-,-
38,"Benedicta es, coelorum regina","(2, 1, 2, -3)","(2, 1, 2, -3)",Fuga,[Contratenor],[Discantus],[Tenor],-,-,-,-,-,-,-,-,-,38/3.0,39/1.0,42/1.0,-,-,-,-,-,-,-,-,-,300.0,304.0,328.0,-,-,-,-,-,-,-,-,-,20.0,20.0,20.0,-,-,-,-,-,-,-,-,-
39,"Benedicta es, coelorum regina","(1, 2, -3, 1)","(1, 2, -3, 1)",Fuga,[Discantus],[Contratenor],[Tenor],[Contratenor],-,-,-,-,-,-,-,-,39/3.0,41/4.0,42/3.0,43/3.0,-,-,-,-,-,-,-,-,308.0,326.0,332.0,340.0,-,-,-,-,-,-,-,-,20.0,22.0,18.0,16.0,-,-,-,-,-,-,-,-
40,"Benedicta es, coelorum regina","(4, -2, -2, -2)","(4, -2, -2, -2)",Fuga,[Bassus],[SextaVox],-,-,-,-,-,-,-,-,-,-,40/1.0,48/3.5,-,-,-,-,-,-,-,-,-,-,312.0,381.0,-,-,-,-,-,-,-,-,-,-,10.0,11.0,-,-,-,-,-,-,-,-,-,-
41,"Benedicta es, coelorum regina","(-2, -2, -2, 2)","(-2, -2, -2, 2)",Fuga,[QuintaVox],[QuintaVox],[Discantus],[Tenor],-,-,-,-,-,-,-,-,40/2.0,41/4.0,42/2.0,44/4.0,-,-,-,-,-,-,-,-,314.0,326.0,330.0,350.0,-,-,-,-,-,-,-,-,10.0,10.0,10.0,10.0,-,-,-,-,-,-,-,-
42,"Benedicta es, coelorum regina","(-3, 1, 2, -3)","(-3, 1, 2, -3)",Fuga,[Contratenor],[Contratenor],-,-,-,-,-,-,-,-,-,-,41/1.0,43/1.0,-,-,-,-,-,-,-,-,-,-,320.0,336.0,-,-,-,-,-,-,-,-,-,-,26.0,16.0,-,-,-,-,-,-,-,-,-,-
43,"Benedicta es, coelorum regina","(2, -3, 1, 1)","(2, -3, 1, 2)",Fuga,[Contratenor],[QuintaVox],-,-,-,-,-,-,-,-,-,-,42/1.0,42/3.0,-,-,-,-,-,-,-,-,-,-,328.0,332.0,-,-,-,-,-,-,-,-,-,-,23.0,20.0,-,-,-,-,-,-,-,-,-,-
44,"Benedicta es, coelorum regina","(-2, -2, 3, -2)","(-2, -2, 2, -2)",Fuga,[Bassus],[Discantus],[Tenor],-,-,-,-,-,-,-,-,-,42/1.5,42/3.5,45/1.5,-,-,-,-,-,-,-,-,-,329.0,333.0,353.0,-,-,-,-,-,-,-,-,-,13.0,11.0,15.0,-,-,-,-,-,-,-,-,-
45,"Benedicta es, coelorum regina","(-2, -2, 1, -2)","(-2, -2, 1, -2)",Fuga,[Discantus],[Tenor],-,-,-,-,-,-,-,-,-,-,45/3.0,47/3.0,-,-,-,-,-,-,-,-,-,-,356.0,372.0,-,-,-,-,-,-,-,-,-,-,28.0,28.0,-,-,-,-,-,-,-,-,-,-
46,"Benedicta es, coelorum regina","(-2, -2, 2, 2)","(-2, -3, 2, 2)",Fuga,[Contratenor],[Contratenor],-,-,-,-,-,-,-,-,-,-,45/4.0,48/1.0,-,-,-,-,-,-,-,-,-,-,358.0,376.0,-,-,-,-,-,-,-,-,-,-,10.0,18.0,-,-,-,-,-,-,-,-,-,-
47,"Benedicta es, coelorum regina","(2, 2, 2, -2)","(2, 2, 2, -2)",Fuga,[Contratenor],[QuintaVox],-,-,-,-,-,-,-,-,-,-,46/2.0,48/4.0,-,-,-,-,-,-,-,-,-,-,362.0,382.0,-,-,-,-,-,-,-,-,-,-,12.0,10.0,-,-,-,-,-,-,-,-,-,-
48,"Benedicta es, coelorum regina","(-2, -2, 2, 2)","(-2, -2, 2, 2)",Fuga,[Discantus],[QuintaVox],[Contratenor],[Tenor],-,-,-,-,-,-,-,-,51/3.0,56/1.5,57/3.0,58/3.0,-,-,-,-,-,-,-,-,404.0,441.0,452.0,460.0,-,-,-,-,-,-,-,-,16.0,10.0,16.0,16.0,-,-,-,-,-,-,-,-
49,"Benedicta es, coelorum regina","(-2, 1, -2, 1)","(-2, 1, -2, 2)",Fuga,[QuintaVox],[Discantus],-,-,-,-,-,-,-,-,-,-,51/4.0,53/4.0,-,-,-,-,-,-,-,-,-,-,406.0,422.0,-,-,-,-,-,-,-,-,-,-,13.0,18.0,-,-,-,-,-,-,-,-,-,-
50,"Benedicta es, coelorum regina","(-2, 2, 2, 2)","(-2, 2, 2, 2)",Fuga,[Discantus],[QuintaVox],[Contratenor],[Tenor],-,-,-,-,-,-,-,-,52/1.0,56/2.0,58/1.0,59/1.0,-,-,-,-,-,-,-,-,408.0,442.0,456.0,464.0,-,-,-,-,-,-,-,-,13.0,10.0,13.0,13.0,-,-,-,-,-,-,-,-
51,"Benedicta es, coelorum regina","(2, 2, 2, 2)","(2, 2, 2, 2)",Fuga,[Discantus],[QuintaVox],[QuintaVox],[Contratenor],[Tenor],-,-,-,-,-,-,-,52/3.0,56/2.5,56/3.0,58/3.0,59/3.0,-,-,-,-,-,-,-,412.0,443.0,444.0,460.0,468.0,-,-,-,-,-,-,-,10.0,10.0,10.0,10.0,10.0,-,-,-,-,-,-,-
52,"Benedicta es, coelorum regina","(2, -3, 1, 1)","(2, -3, 1, 1)",Fuga,[Contratenor],[Tenor],-,-,-,-,-,-,-,-,-,-,55/3.0,56/1.0,-,-,-,-,-,-,-,-,-,-,436.0,440.0,-,-,-,-,-,-,-,-,-,-,20.0,24.0,-,-,-,-,-,-,-,-,-,-
53,"Benedicta es, coelorum regina","(-3, 1, 1, -2)","(-3, 1, 1, -2)",Fuga,[Contratenor],[Tenor],-,-,-,-,-,-,-,-,-,-,56/1.0,57/1.0,-,-,-,-,-,-,-,-,-,-,440.0,448.0,-,-,-,-,-,-,-,-,-,-,20.0,20.0,-,-,-,-,-,-,-,-,-,-
54,"Benedicta es, coelorum regina","(1, 1, -2, -2)","(1, 1, -2, -2)",Fuga,[Contratenor],[Tenor],-,-,-,-,-,-,-,-,-,-,56/4.0,57/4.0,-,-,-,-,-,-,-,-,-,-,446.0,454.0,-,-,-,-,-,-,-,-,-,-,18.0,18.0,-,-,-,-,-,-,-,-,-,-
55,"Benedicta es, coelorum regina","(1, -2, -2, 3)","(1, -2, -2, 2)",Fuga,[Contratenor],[Tenor],-,-,-,-,-,-,-,-,-,-,57/1.0,58/1.0,-,-,-,-,-,-,-,-,-,-,448.0,456.0,-,-,-,-,-,-,-,-,-,-,19.0,19.0,-,-,-,-,-,-,-,-,-,-
56,"Benedicta es, coelorum regina","(3, -2, -3, 2)","(2, -2, -3, 2)",Fuga,[Bassus],[Contratenor],[SextaVox],-,-,-,-,-,-,-,-,-,59/2.0,62/3.0,65/3.0,-,-,-,-,-,-,-,-,-,466.0,492.0,516.0,-,-,-,-,-,-,-,-,-,14.0,16.0,16.0,-,-,-,-,-,-,-,-,-
57,"Benedicta es, coelorum regina","(2, -2, -2, 1)","(2, -2, -2, 1)",Fuga,[Contratenor],[Tenor],-,-,-,-,-,-,-,-,-,-,59/3.0,60/3.0,-,-,-,-,-,-,-,-,-,-,468.0,476.0,-,-,-,-,-,-,-,-,-,-,10.0,10.0,-,-,-,-,-,-,-,-,-,-
58,"Benedicta es, coelorum regina","(-2, -2, 1, -2)","(-2, -2, 1, -2)",Fuga,[Contratenor],[Tenor],-,-,-,-,-,-,-,-,-,-,59/3.5,60/3.5,-,-,-,-,-,-,-,-,-,-,469.0,477.0,-,-,-,-,-,-,-,-,-,-,11.0,11.0,-,-,-,-,-,-,-,-,-,-
59,"Benedicta es, coelorum regina","(-2, 1, -2, 1)","(-2, 1, -2, 2)",Fuga,[Contratenor],[Tenor],-,-,-,-,-,-,-,-,-,-,59/4.0,60/4.0,-,-,-,-,-,-,-,-,-,-,470.0,478.0,-,-,-,-,-,-,-,-,-,-,18.0,18.0,-,-,-,-,-,-,-,-,-,-
60,"Benedicta es, coelorum regina","(-2, -2, 2, -3)","(-2, -3, 2, -3)",Fuga,[Contratenor],[SextaVox],-,-,-,-,-,-,-,-,-,-,63/1.0,66/1.0,-,-,-,-,-,-,-,-,-,-,496.0,520.0,-,-,-,-,-,-,-,-,-,-,16.0,16.0,-,-,-,-,-,-,-,-,-,-
61,"Benedicta es, coelorum regina","(2, 3, -2, 1)","(2, 3, -2, 1)",Fuga,[Discantus],[Tenor],-,-,-,-,-,-,-,-,-,-,63/2.5,66/2.5,-,-,-,-,-,-,-,-,-,-,499.0,523.0,-,-,-,-,-,-,-,-,-,-,10.0,11.0,-,-,-,-,-,-,-,-,-,-
62,"Benedicta es, coelorum regina","(-2, 2, -3, -2)","(-3, 2, -3, -2)",Fuga,[Contratenor],[SextaVox],[QuintaVox],-,-,-,-,-,-,-,-,-,63/3.0,66/3.0,71/3.0,-,-,-,-,-,-,-,-,-,500.0,524.0,564.0,-,-,-,-,-,-,-,-,-,20.0,20.0,20.0,-,-,-,-,-,-,-,-,-
63,"Benedicta es, coelorum regina","(3, -2, 1, -2)","(3, -2, 1, -2)",Fuga,[Discantus],[Tenor],-,-,-,-,-,-,-,-,-,-,63/3.0,66/3.0,-,-,-,-,-,-,-,-,-,-,500.0,524.0,-,-,-,-,-,-,-,-,-,-,10.0,12.0,-,-,-,-,-,-,-,-,-,-
64,"Benedicta es, coelorum regina","(2, -3, 2, -5)","(2, -3, 2, -5)",Fuga,[Bassus],[Bassus],-,-,-,-,-,-,-,-,-,-,63/3.0,66/2.0,-,-,-,-,-,-,-,-,-,-,500.0,522.0,-,-,-,-,-,-,-,-,-,-,20.0,14.0,-,-,-,-,-,-,-,-,-,-
65,"Benedicta es, coelorum regina","(-2, 1, -2, 3)","(-2, 1, -2, 3)",Fuga,[Discantus],[Discantus],-,-,-,-,-,-,-,-,-,-,64/2.0,68/4.0,-,-,-,-,-,-,-,-,-,-,506.0,542.0,-,-,-,-,-,-,-,-,-,-,14.0,12.0,-,-,-,-,-,-,-,-,-,-
66,"Benedicta es, coelorum regina","(2, 1, 2, -3)","(1, 1, 2, -3)",PEN,[Bassus],[SextaVox],[Bassus],-,-,-,-,-,-,-,-,-,68/2.0,69/4.0,71/2.0,-,-,-,-,-,-,-,-,-,538.0,550.0,562.0,-,-,-,-,-,-,-,-,-,10.0,10.0,10.0,-,-,-,-,-,-,-,-,-
67,"Benedicta es, coelorum regina","(1, 2, -3, 1)","(1, 2, -3, 2)",PEN,[Bassus],[SextaVox],[Bassus],-,-,-,-,-,-,-,-,-,68/3.0,70/1.0,71/3.0,-,-,-,-,-,-,-,-,-,540.0,552.0,564.0,-,-,-,-,-,-,-,-,-,12.0,12.0,12.0,-,-,-,-,-,-,-,-,-
68,"Benedicta es, coelorum regina","(-2, 2, -3, 2)","(-3, 2, -3, 2)",Fuga,[Contratenor],[Contratenor],-,-,-,-,-,-,-,-,-,-,71/3.0,72/1.0,-,-,-,-,-,-,-,-,-,-,564.0,568.0,-,-,-,-,-,-,-,-,-,-,10.0,12.0,-,-,-,-,-,-,-,-,-,-
69,"Benedicta es, coelorum regina","(1, -2, 1, -2)","(2, -2, 1, -2)",Fuga,[Discantus],[Contratenor],-,-,-,-,-,-,-,-,-,-,71/3.5,73/3.0,-,-,-,-,-,-,-,-,-,-,565.0,580.0,-,-,-,-,-,-,-,-,-,-,11.0,12.0,-,-,-,-,-,-,-,-,-,-
70,"Benedicta es, coelorum regina","(-2, 1, -2, 1)","(-2, 1, -2, 2)",Fuga,[Discantus],[Contratenor],-,-,-,-,-,-,-,-,-,-,71/4.0,73/4.0,-,-,-,-,-,-,-,-,-,-,566.0,582.0,-,-,-,-,-,-,-,-,-,-,18.0,14.0,-,-,-,-,-,-,-,-,-,-
71,"Benedicta es, coelorum regina","(-2, -2, 2, -2)","(-2, -3, 2, -2)",ID,[SextaVox],[Tenor],[Bassus],[SextaVox],[Tenor],[Bassus],-,-,-,-,-,-,73/3.0,74/3.0,75/1.0,76/1.0,76/3.0,77/3.0,-,-,-,-,-,-,580.0,588.0,592.0,600.0,604.0,612.0,-,-,-,-,-,-,16.0,16.0,16.0,16.0,13.0,16.0,-,-,-,-,-,-
72,"Benedicta es, coelorum regina","(-2, -2, -2, -2)","(-2, -2, -2, -2)",Fuga,[SextaVox],[Tenor],[SextaVox],[SextaVox],-,-,-,-,-,-,-,-,80/2.0,80/3.0,83/3.0,86/1.0,-,-,-,-,-,-,-,-,634.0,636.0,660.0,680.0,-,-,-,-,-,-,-,-,10.0,20.0,16.0,16.0,-,-,-,-,-,-,-,-
73,"Benedicta es, coelorum regina","(-2, -2, -2, 4)","(-2, -2, -2, 5)",Fuga,[SextaVox],[SextaVox],-,-,-,-,-,-,-,-,-,-,80/3.5,84/1.0,-,-,-,-,-,-,-,-,-,-,637.0,664.0,-,-,-,-,-,-,-,-,-,-,11.0,15.0,-,-,-,-,-,-,-,-,-,-
74,"Benedicta es, coelorum regina","(2, 1, 2, -3)","(2, 1, 2, -2)",Fuga,[Tenor],[Tenor],-,-,-,-,-,-,-,-,-,-,82/1.0,85/1.0,-,-,-,-,-,-,-,-,-,-,648.0,672.0,-,-,-,-,-,-,-,-,-,-,17.0,13.0,-,-,-,-,-,-,-,-,-,-
75,"Benedicta es, coelorum regina","(1, 1, -2, -2)","(1, 2, -2, -2)",Fuga,[SextaVox],[Tenor],[Tenor],-,-,-,-,-,-,-,-,-,82/3.0,83/1.0,85/3.0,-,-,-,-,-,-,-,-,-,652.0,656.0,676.0,-,-,-,-,-,-,-,-,-,16.0,10.0,10.0,-,-,-,-,-,-,-,-,-
76,"Benedicta es, coelorum regina","(2, -2, -2, 1)","(2, -2, -2, 1)",Fuga,[Tenor],[Tenor],-,-,-,-,-,-,-,-,-,-,83/2.5,85/4.5,-,-,-,-,-,-,-,-,-,-,659.0,679.0,-,-,-,-,-,-,-,-,-,-,11.0,11.0,-,-,-,-,-,-,-,-,-,-
77,"Benedicta es, coelorum regina","(-2, -2, 1, -2)","(-2, -2, 1, -2)",Fuga,[Tenor],[Tenor],-,-,-,-,-,-,-,-,-,-,83/3.0,86/1.0,-,-,-,-,-,-,-,-,-,-,660.0,680.0,-,-,-,-,-,-,-,-,-,-,12.0,12.0,-,-,-,-,-,-,-,-,-,-
78,"Benedicta es, coelorum regina","(-2, 1, -2, 1)","(-2, 1, -2, 2)",Fuga,[Tenor],[Tenor],-,-,-,-,-,-,-,-,-,-,83/4.0,86/2.0,-,-,-,-,-,-,-,-,-,-,662.0,682.0,-,-,-,-,-,-,-,-,-,-,14.0,14.0,-,-,-,-,-,-,-,-,-,-
79,"Benedicta es, coelorum regina","(-2, -2, 2, -2)","(-2, -3, 2, -2)",Fuga,[Contratenor],[Discantus],[QuintaVox],[Tenor],[Contratenor],[Discantus],[QuintaVox],[Tenor],-,-,-,-,86/3.0,87/1.0,87/3.0,88/3.0,89/1.0,89/3.0,90/1.0,91/1.0,-,-,-,-,684.0,688.0,692.0,700.0,704.0,708.0,712.0,720.0,-,-,-,-,16.0,16.0,16.0,16.0,15.0,16.0,16.0,16.0,-,-,-,-
80,"Benedicta es, coelorum regina","(-2, -2, -2, 2)","(-2, -2, -2, 2)",Fuga,[Discantus],[Discantus],-,-,-,-,-,-,-,-,-,-,94/4.0,96/3.0,-,-,-,-,-,-,-,-,-,-,750.0,764.0,-,-,-,-,-,-,-,-,-,-,14.0,16.0,-,-,-,-,-,-,-,-,-,-
81,"Benedicta es, coelorum regina","(1, 2, 2, -2)","(1, 1, 2, -2)",Fuga,[SextaVox],[Bassus],-,-,-,-,-,-,-,-,-,-,94/4.0,96/4.0,-,-,-,-,-,-,-,-,-,-,750.0,766.0,-,-,-,-,-,-,-,-,-,-,14.0,18.0,-,-,-,-,-,-,-,-,-,-
82,"Benedicta es, coelorum regina","(2, 2, -2, -2)","(2, 3, -2, -2)",Fuga,[Contratenor],[Discantus],[Contratenor],-,-,-,-,-,-,-,-,-,94/4.0,95/3.0,96/4.0,-,-,-,-,-,-,-,-,-,750.0,756.0,766.0,-,-,-,-,-,-,-,-,-,10.0,16.0,10.0,-,-,-,-,-,-,-,-,-
83,"Benedicta es, coelorum regina","(2, 2, 2, -3)","(2, 2, 1, -3)",Fuga,[Tenor],[QuintaVox],-,-,-,-,-,-,-,-,-,-,94/4.0,96/4.0,-,-,-,-,-,-,-,-,-,-,750.0,766.0,-,-,-,-,-,-,-,-,-,-,18.0,14.0,-,-,-,-,-,-,-,-,-,-
84,"Benedicta es, coelorum regina","(3, -2, -2, 2)","(3, -2, -2, 3)",Fuga,[Contratenor],[Contratenor],-,-,-,-,-,-,-,-,-,-,95/1.0,97/1.0,-,-,-,-,-,-,-,-,-,-,752.0,768.0,-,-,-,-,-,-,-,-,-,-,12.0,12.0,-,-,-,-,-,-,-,-,-,-
85,"Benedicta es, coelorum regina","(1, 1, -2, -2)","(1, 1, -2, -3)",Fuga,[Contratenor],[Discantus],-,-,-,-,-,-,-,-,-,-,108/3.0,109/1.0,-,-,-,-,-,-,-,-,-,-,868.0,872.0,-,-,-,-,-,-,-,-,-,-,11.0,12.0,-,-,-,-,-,-,-,-,-,-
86,"Benedicta es, coelorum regina","(1, -2, -2, 2)","(1, -2, -3, 2)",Fuga,[Contratenor],[Discantus],-,-,-,-,-,-,-,-,-,-,108/4.0,109/2.0,-,-,-,-,-,-,-,-,-,-,870.0,874.0,-,-,-,-,-,-,-,-,-,-,10.0,14.0,-,-,-,-,-,-,-,-,-,-
87,"Benedicta es, coelorum regina","(-2, -2, -2, -2)","(-2, -2, -2, -2)",Fuga,[Discantus],[Contratenor],[Contratenor],-,-,-,-,-,-,-,-,-,119/4.0,124/1.0,127/1.0,-,-,-,-,-,-,-,-,-,958.0,992.0,1016.0,-,-,-,-,-,-,-,-,-,12.0,10.0,10.0,-,-,-,-,-,-,-,-,-
88,"Benedicta es, coelorum regina","(-2, -2, -2, 2)","(-2, -2, -3, 2)",Fuga,[Discantus],[Contratenor],[Contratenor],-,-,-,-,-,-,-,-,-,120/3.0,124/3.0,127/3.0,-,-,-,-,-,-,-,-,-,964.0,996.0,1020.0,-,-,-,-,-,-,-,-,-,12.0,12.0,12.0,-,-,-,-,-,-,-,-,-
89,"Benedicta es, coelorum regina","(-2, -2, 2, -2)","(-2, -3, 2, -2)",Fuga,[Discantus],[Contratenor],[Contratenor],-,-,-,-,-,-,-,-,-,120/4.0,124/4.0,127/4.0,-,-,-,-,-,-,-,-,-,966.0,998.0,1022.0,-,-,-,-,-,-,-,-,-,18.0,14.0,11.0,-,-,-,-,-,-,-,-,-
90,"Benedicta es, coelorum regina","(4, -2, -2, -2)","(3, -2, -2, -2)",Fuga,[Contratenor],[Contratenor],-,-,-,-,-,-,-,-,-,-,123/4.0,126/4.0,-,-,-,-,-,-,-,-,-,-,990.0,1014.0,-,-,-,-,-,-,-,-,-,-,10.0,10.0,-,-,-,-,-,-,-,-,-,-
91,"Benedicta es, coelorum regina","(2, 3, -2, 1)","(2, 2, -2, 1)",Fuga,[Discantus],[Discantus],-,-,-,-,-,-,-,-,-,-,124/3.0,127/3.0,-,-,-,-,-,-,-,-,-,-,996.0,1020.0,-,-,-,-,-,-,-,-,-,-,10.0,10.0,-,-,-,-,-,-,-,-,-,-
92,"Benedicta es, coelorum regina","(1, -2, 1, -2)","(2, -2, 1, -2)",Fuga,[Discantus],[Discantus],-,-,-,-,-,-,-,-,-,-,124/3.5,127/3.5,-,-,-,-,-,-,-,-,-,-,997.0,1021.0,-,-,-,-,-,-,-,-,-,-,11.0,11.0,-,-,-,-,-,-,-,-,-,-
93,"Benedicta es, coelorum regina","(-2, 1, -2, 1)","(-2, 1, -2, 2)",Fuga,[Discantus],[Discantus],-,-,-,-,-,-,-,-,-,-,124/4.0,127/4.0,-,-,-,-,-,-,-,-,-,-,998.0,1022.0,-,-,-,-,-,-,-,-,-,-,12.0,12.0,-,-,-,-,-,-,-,-,-,-
94,"Benedicta es, coelorum regina","(1, -2, 2, -4)","(1, -2, 2, -4)",Fuga,[Discantus],[Discantus],-,-,-,-,-,-,-,-,-,-,125/1.5,128/1.5,-,-,-,-,-,-,-,-,-,-,1001.0,1025.0,-,-,-,-,-,-,-,-,-,-,11.0,10.0,-,-,-,-,-,-,-,-,-,-
95,"Benedicta es, coelorum regina","(2, 2, 2, -2)","(1, 2, 2, -2)",Fuga,[Contratenor],[Discantus],[Tenor],[QuintaVox],[SextaVox],-,-,-,-,-,-,-,136/2.0,138/3.0,139/2.0,141/3.0,142/2.0,-,-,-,-,-,-,-,1096.0,1112.0,1120.0,1136.0,1144.0,-,-,-,-,-,-,-,24.0,24.0,24.0,24.0,24.0,-,-,-,-,-,-,-
96,"Benedicta es, coelorum regina","(2, 2, -2, -2)","(2, 2, -2, -3)",Fuga,[Contratenor],[Discantus],[Tenor],[QuintaVox],[SextaVox],[Tenor],[Contratenor],[Discantus],[Tenor],[SextaVox],[QuintaVox],-,136/3.0,138/1.0,139/3.0,141/1.0,142/3.0,144/3.75,145/1.0,147/1.0,148/1.0,151/1.0,150/2.0,-,1100.0,1116.0,1124.0,1140.0,1148.0,1187.0,1200.0,1212.0,1224.0,1236.0,1240.0,-,24.0,24.0,24.0,24.0,24.0,17.0,24.0,24.0,24.0,24.0,24.0,-
97,"Benedicta es, coelorum regina","(3, -2, -3, 2)","(2, -2, -3, 2)",Fuga,[Contratenor],[Discantus],[Tenor],[QuintaVox],[SextaVox],-,-,-,-,-,-,-,136/1.0,138/2.0,139/1.0,141/2.0,142/1.0,-,-,-,-,-,-,-,1104.0,1120.0,1128.0,1144.0,1152.0,-,-,-,-,-,-,-,28.0,26.0,28.0,26.0,28.0,-,-,-,-,-,-,-
98,"Benedicta es, coelorum regina","(-2, -2, 2, -2)","(-2, -3, 2, -2)",Fuga,[Contratenor],[Discantus],[Tenor],[QuintaVox],[QuintaVox],[Contratenor],[Discantus],[Tenor],[QuintaVox],-,-,-,137/2.0,139/3.0,140/2.0,142/3.0,145/3.0,146/3.0,148/3.0,149/3.0,151/1.0,-,-,-,1108.0,1124.0,1132.0,1148.0,1184.0,1208.0,1220.0,1232.0,1248.0,-,-,-,30.0,24.0,28.0,24.0,20.0,30.0,24.0,28.0,24.0,-,-,-
99,"Benedicta es, coelorum regina","(-2, 2, -3, 2)","(-3, 2, -3, 2)",Fuga,[Bassus],[Contratenor],-,-,-,-,-,-,-,-,-,-,139/1.0,140/3.0,-,-,-,-,-,-,-,-,-,-,1128.0,1148.0,-,-,-,-,-,-,-,-,-,-,20.0,20.0,-,-,-,-,-,-,-,-,-,-
100,"Benedicta es, coelorum regina","(2, -3, 2, 3)","(2, -3, 2, 2)",Fuga,[Bassus],[Contratenor],-,-,-,-,-,-,-,-,-,-,139/2.0,140/1.0,-,-,-,-,-,-,-,-,-,-,1132.0,1152.0,-,-,-,-,-,-,-,-,-,-,20.0,24.0,-,-,-,-,-,-,-,-,-,-
101,"Benedicta es, coelorum regina","(-3, 2, -2, 2)","(-3, 2, -2, 1)",Fuga,[Discantus],[QuintaVox],-,-,-,-,-,-,-,-,-,-,139/2.0,142/2.0,-,-,-,-,-,-,-,-,-,-,1132.0,1156.0,-,-,-,-,-,-,-,-,-,-,20.0,20.0,-,-,-,-,-,-,-,-,-,-
102,"Benedicta es, coelorum regina","(2, -3, 1, 4)","(2, -2, 1, 4)",Fuga,[Discantus],[QuintaVox],-,-,-,-,-,-,-,-,-,-,140/3.0,143/3.0,-,-,-,-,-,-,-,-,-,-,1136.0,1160.0,-,-,-,-,-,-,-,-,-,-,24.0,24.0,-,-,-,-,-,-,-,-,-,-
103,"Benedicta es, coelorum regina","(-3, 1, 4, -2)","(-2, 1, 4, -2)",Fuga,[Discantus],[QuintaVox],-,-,-,-,-,-,-,-,-,-,140/1.0,143/1.0,-,-,-,-,-,-,-,-,-,-,1140.0,1164.0,-,-,-,-,-,-,-,-,-,-,24.0,26.0,-,-,-,-,-,-,-,-,-,-
104,"Benedicta es, coelorum regina","(3, -2, -3, 2)","(4, -2, -3, 2)",Fuga,[Discantus],[Tenor],-,-,-,-,-,-,-,-,-,-,141/3.0,142/2.0,-,-,-,-,-,-,-,-,-,-,1148.0,1156.0,-,-,-,-,-,-,-,-,-,-,24.0,24.0,-,-,-,-,-,-,-,-,-,-
105,"Benedicta es, coelorum regina","(-2, -2, 2, 2)","(-2, -3, 2, 2)",Fuga,[Discantus],[Tenor],-,-,-,-,-,-,-,-,-,-,141/1.0,142/3.0,-,-,-,-,-,-,-,-,-,-,1152.0,1160.0,-,-,-,-,-,-,-,-,-,-,28.0,22.0,-,-,-,-,-,-,-,-,-,-
106,"Benedicta es, coelorum regina","(-3, 2, -2, -3)","(-3, 2, -2, -2)",Fuga,[QuintaVox],[Contratenor],-,-,-,-,-,-,-,-,-,-,145/1.5,146/2.0,-,-,-,-,-,-,-,-,-,-,1190.0,1216.0,-,-,-,-,-,-,-,-,-,-,18.0,24.0,-,-,-,-,-,-,-,-,-,-
107,"Benedicta es, coelorum regina","(2, 2, 2, -2)","(1, 2, 2, -2)",Fuga,[Contratenor],[Discantus],[Tenor],[SextaVox],[QuintaVox],-,-,-,-,-,-,-,145/3.0,147/3.0,148/3.0,151/3.0,150/1.0,-,-,-,-,-,-,-,1196.0,1208.0,1220.0,1232.0,1236.0,-,-,-,-,-,-,-,24.0,24.0,24.0,24.0,24.0,-,-,-,-,-,-,-
108,"Benedicta es, coelorum regina","(3, -2, -3, 2)","(2, -2, -3, 2)",Fuga,[Contratenor],[Discantus],[Tenor],[SextaVox],[QuintaVox],-,-,-,-,-,-,-,145/2.0,147/2.0,148/2.0,151/2.0,150/3.0,-,-,-,-,-,-,-,1204.0,1216.0,1228.0,1240.0,1244.0,-,-,-,-,-,-,-,28.0,26.0,28.0,28.0,26.0,-,-,-,-,-,-,-
109,"Benedicta es, coelorum regina","(-2, 2, -3, 2)","(-3, 2, -3, 2)",Fuga,[Bassus],[Contratenor],-,-,-,-,-,-,-,-,-,-,148/3.0,149/1.0,-,-,-,-,-,-,-,-,-,-,1220.0,1248.0,-,-,-,-,-,-,-,-,-,-,20.0,20.0,-,-,-,-,-,-,-,-,-,-
110,"Benedicta es, coelorum regina","(2, -3, 2, 3)","(2, -3, 2, 2)",Fuga,[Bassus],[Contratenor],-,-,-,-,-,-,-,-,-,-,148/1.0,149/2.0,-,-,-,-,-,-,-,-,-,-,1224.0,1252.0,-,-,-,-,-,-,-,-,-,-,20.0,24.0,-,-,-,-,-,-,-,-,-,-
111,"Benedicta es, coelorum regina","(-3, 2, -2, 2)","(-3, 2, -2, 1)",Fuga,[Discantus],[QuintaVox],-,-,-,-,-,-,-,-,-,-,148/2.0,151/3.0,-,-,-,-,-,-,-,-,-,-,1228.0,1256.0,-,-,-,-,-,-,-,-,-,-,20.0,20.0,-,-,-,-,-,-,-,-,-,-
112,"Benedicta es, coelorum regina","(2, -3, 1, 4)","(2, -2, 1, 4)",Fuga,[Discantus],[QuintaVox],-,-,-,-,-,-,-,-,-,-,149/3.0,152/1.0,-,-,-,-,-,-,-,-,-,-,1232.0,1260.0,-,-,-,-,-,-,-,-,-,-,24.0,24.0,-,-,-,-,-,-,-,-,-,-
113,"Benedicta es, coelorum regina","(-3, 1, 4, -2)","(-2, 1, 4, -2)",Fuga,[Discantus],[QuintaVox],-,-,-,-,-,-,-,-,-,-,149/1.0,152/2.0,-,-,-,-,-,-,-,-,-,-,1236.0,1264.0,-,-,-,-,-,-,-,-,-,-,24.0,28.0,-,-,-,-,-,-,-,-,-,-
114,"Benedicta es, coelorum regina","(3, -2, -3, 2)","(4, -2, -3, 2)",Fuga,[Discantus],[Tenor],-,-,-,-,-,-,-,-,-,-,150/3.0,151/3.0,-,-,-,-,-,-,-,-,-,-,1244.0,1256.0,-,-,-,-,-,-,-,-,-,-,24.0,24.0,-,-,-,-,-,-,-,-,-,-
115,"Benedicta es, coelorum regina","(-2, -2, 2, 2)","(-2, -3, 2, 2)",Fuga,[Discantus],[Tenor],-,-,-,-,-,-,-,-,-,-,150/1.0,151/1.0,-,-,-,-,-,-,-,-,-,-,1248.0,1260.0,-,-,-,-,-,-,-,-,-,-,28.0,22.0,-,-,-,-,-,-,-,-,-,-
116,"Benedicta es, coelorum regina","(4, -3, 1, 4)","(4, -3, 1, 4)",Fuga,[Bassus],[SextaVox],-,-,-,-,-,-,-,-,-,-,154/2.0,158/2.0,-,-,-,-,-,-,-,-,-,-,1288.0,1312.0,-,-,-,-,-,-,-,-,-,-,20.0,20.0,-,-,-,-,-,-,-,-,-,-
117,"Benedicta es, coelorum regina","(-2, 2, 2, -3)","(-2, 2, 2, -3)",ID,[Discantus],[Contratenor],[QuintaVox],[Tenor],-,-,-,-,-,-,-,-,154/2.0,154/2.0,158/1.0,158/1.0,-,-,-,-,-,-,-,-,1288.0,1300.0,1320.0,1332.0,-,-,-,-,-,-,-,-,20.0,20.0,20.0,20.0,-,-,-,-,-,-,-,-
118,"Benedicta es, coelorum regina","(1, 2, -3, 1)","(2, 2, -3, 1)",ID,[Discantus],[Contratenor],[QuintaVox],[Tenor],-,-,-,-,-,-,-,-,154/3.5,154/3.5,158/2.5,158/2.5,-,-,-,-,-,-,-,-,1294.0,1306.0,1326.0,1338.0,-,-,-,-,-,-,-,-,18.0,18.0,18.0,18.0,-,-,-,-,-,-,-,-
119,"Benedicta es, coelorum regina","(2, -3, 1, 1)","(2, -3, 1, 2)",Fuga,[Discantus],[QuintaVox],[Tenor],-,-,-,-,-,-,-,-,-,154/1.0,158/3.0,159/3.0,-,-,-,-,-,-,-,-,-,1296.0,1328.0,1340.0,-,-,-,-,-,-,-,-,-,24.0,20.0,20.0,-,-,-,-,-,-,-,-,-
120,"Benedicta es, coelorum regina","(-2, 2, 2, 2)","(-3, 2, 2, 2)",Fuga,[Discantus],[SextaVox],-,-,-,-,-,-,-,-,-,-,156/1.0,160/1.0,-,-,-,-,-,-,-,-,-,-,1320.0,1332.0,-,-,-,-,-,-,-,-,-,-,24.0,20.0,-,-,-,-,-,-,-,-,-,-
121,"Benedicta es, coelorum regina","(-3, 2, 2, 2)","(-3, 1, 2, 2)",Fuga,[QuintaVox],[Tenor],-,-,-,-,-,-,-,-,-,-,159/1.0,159/1.0,-,-,-,-,-,-,-,-,-,-,1332.0,1344.0,-,-,-,-,-,-,-,-,-,-,20.0,20.0,-,-,-,-,-,-,-,-,-,-
122,"Benedicta es, coelorum regina","(2, 2, -5, 2)","(2, 2, -5, 2)",Fuga,[Tenor],[Bassus],[SextaVox],-,-,-,-,-,-,-,-,-,160/3.0,162/1.0,164/1.0,-,-,-,-,-,-,-,-,-,1352.0,1368.0,1380.0,-,-,-,-,-,-,-,-,-,20.0,20.0,20.0,-,-,-,-,-,-,-,-,-
123,"Benedicta es, coelorum regina","(-3, 2, 2, -5)","(-3, 2, 2, -5)",Fuga,[Bassus],[SextaVox],-,-,-,-,-,-,-,-,-,-,162/3.0,164/3.0,-,-,-,-,-,-,-,-,-,-,1364.0,1376.0,-,-,-,-,-,-,-,-,-,-,20.0,20.0,-,-,-,-,-,-,-,-,-,-
124,"Benedicta es, coelorum regina","(2, -3, -2, -2)","(2, -3, -2, -3)",Fuga,[Discantus],[Tenor],-,-,-,-,-,-,-,-,-,-,162/2.0,164/2.0,-,-,-,-,-,-,-,-,-,-,1372.0,1396.0,-,-,-,-,-,-,-,-,-,-,20.0,20.0,-,-,-,-,-,-,-,-,-,-
125,"Benedicta es, coelorum regina","(-3, -2, -2, 2)","(-3, -2, -3, 2)",Fuga,[Discantus],[Tenor],-,-,-,-,-,-,-,-,-,-,162/3.0,164/3.0,-,-,-,-,-,-,-,-,-,-,1376.0,1400.0,-,-,-,-,-,-,-,-,-,-,20.0,20.0,-,-,-,-,-,-,-,-,-,-
126,"Benedicta es, coelorum regina","(3, -2, -3, 2)","(2, -2, -3, 2)",Fuga,[Contratenor],[QuintaVox],-,-,-,-,-,-,-,-,-,-,162/1.0,164/3.0,-,-,-,-,-,-,-,-,-,-,1380.0,1388.0,-,-,-,-,-,-,-,-,-,-,20.0,20.0,-,-,-,-,-,-,-,-,-,-
127,"Benedicta es, coelorum regina","(-2, -2, 2, 2)","(-2, -3, 2, 2)",Fuga,[Discantus],[Tenor],[Discantus],-,-,-,-,-,-,-,-,-,162/1.0,164/1.0,167/2.0,-,-,-,-,-,-,-,-,-,1380.0,1404.0,1426.0,-,-,-,-,-,-,-,-,-,24.0,20.0,10.0,-,-,-,-,-,-,-,-,-
128,"Benedicta es, coelorum regina","(-2, -2, 2, -3)","(-2, -3, 2, -3)",Fuga,[Contratenor],[QuintaVox],-,-,-,-,-,-,-,-,-,-,162/2.0,164/1.0,-,-,-,-,-,-,-,-,-,-,1384.0,1392.0,-,-,-,-,-,-,-,-,-,-,20.0,20.0,-,-,-,-,-,-,-,-,-,-
129,"Benedicta es, coelorum regina","(-2, 2, -3, -2)","(-3, 2, -3, -2)",Fuga,[Contratenor],[QuintaVox],-,-,-,-,-,-,-,-,-,-,162/3.0,164/2.0,-,-,-,-,-,-,-,-,-,-,1388.0,1396.0,-,-,-,-,-,-,-,-,-,-,24.0,20.0,-,-,-,-,-,-,-,-,-,-
130,"Benedicta es, coelorum regina","(-3, 3, -2, -3)","(-3, 3, -2, -3)",Fuga,[Discantus],[Tenor],-,-,-,-,-,-,-,-,-,-,166/4.0,167/2.0,-,-,-,-,-,-,-,-,-,-,1422.0,1434.0,-,-,-,-,-,-,-,-,-,-,10.0,10.0,-,-,-,-,-,-,-,-,-,-
131,"Benedicta es, coelorum regina","(3, -2, -2, 2)","(3, -2, -3, 2)",Fuga,[Discantus],[Tenor],-,-,-,-,-,-,-,-,-,-,167/1.0,168/3.0,-,-,-,-,-,-,-,-,-,-,1424.0,1436.0,-,-,-,-,-,-,-,-,-,-,11.0,10.0,-,-,-,-,-,-,-,-,-,-
132,"Benedicta es, coelorum regina","(-2, -2, 2, -2)","(-2, -3, 2, -2)",Fuga,[Tenor],[Discantus],-,-,-,-,-,-,-,-,-,-,168/4.0,169/4.0,-,-,-,-,-,-,-,-,-,-,1438.0,1446.0,-,-,-,-,-,-,-,-,-,-,10.0,18.0,-,-,-,-,-,-,-,-,-,-
